date,day,content_type,topic,pillar,time_posted,status,hashtags
2026-01-01,Thursday,Carousel,How to Do a Perfect Push-Up,健身知识,12:30,已发布,#fitnesstips #workouttips #fitnesseducation #homeworkout #fitnessjourney #nutrition #workoutmotivation
2026-01-01,Thursday,Story,Daily stories (poll/Q&A/check-in),互动日常,07:00/12:30/20:00,已发布,
2026-01-02,Friday,Reel,15 Min Morning Fat Burn,训练教学,07:00,已发布,#homeworkout #fitness #workout #15minuteworkout #nogymneeded #bodyweightworkout #fitnessmotivation #homefitness
2026-01-02,Friday,Story,Daily stories (poll/Q&A/check-in),互动日常,07:00/12:30/20:00,已发布,
2026-01-03,Saturday,Story,Daily stories (poll/Q&A/check-in),互动日常,07:00/12:30/20:00,已发布,
2026-01-04,Sunday,Reel,No-Equipment Ab Workout,训练教学,10:00,已发布,#homeworkout #fitness #workout #15minuteworkout #nogymneeded #bodyweightworkout #fitnessmotivation #homefitness
2026-01-04,Sunday,Story,Daily stories (poll/Q&A/check-in),互动日常,07:00/12:30/20:00,已发布,
2026-01-05,Monday,Reel,Office Desk Stretch Routine,训练教学,07:00,已发布,#homeworkout #fitness #workout #15minuteworkout #nogymneeded #bodyweightworkout #fitnessmotivation #homefitness
2026-01-05,Monday,Story,Daily stories (poll/Q&A/check-in),互动日常,07:00/12:30/20:00,已发布,
2026-01-06,Tuesday,Carousel,10 Home Workout Mistakes,健身知识,12:30,已发布,#fitnesstips #workouttips #fitnesseducation #homeworkout #fitnessjourney #nutrition #workoutmotivation
2026-01-06,Tuesday,Story,Daily stories (poll/Q&A/check-in),互动日常,07:00/12:30/20:00,已发布,
2026-01-07,Wednesday,Reel,5 Min Bedtime Core,训练教学,07:00,已发布,#homeworkout #fitness #workout #15minuteworkout #nogymneeded #bodyweightworkout #fitnessmotivation #homefitness
2026-01-07,Wednesday,Story,Daily stories (poll/Q&A/check-in),互动日常,07:00/12:30/20:00,已发布,
2026-01-08,Thursday,Carousel,Protein Intake Guide,健身知识,12:30,已发布,#fitnesstips #workouttips #fitnesseducation #homeworkout #fitnessjourney #nutrition #workoutmotivation
2026-01-08,Thursday,Story,Daily stories (poll/Q&A/check-in),互动日常,07:00/12:30/20:00,已发布,
2026-01-09,Friday,Reel,Full Body HIIT at Home,训练教学,07:00,已发布,#homeworkout #fitness #workout #15minuteworkout #nogymneeded #bodyweightworkout #fitnessmotivation #homefitness
2026-01-09,Friday,Story,Daily stories (poll/Q&A/check-in),互动日常,07:00/12:30/20:00,已发布,
2026-01-10,Saturday,Story,Daily stories (poll/Q&A/check-in),互动日常,07:00/12:30/20:00,已发布,
2026-01-11,Sunday,Reel,Push-Up Progression Guide,训练教学,10:00,已发布,#homeworkout #fitness #workout #15minuteworkout #nogymneeded #bodyweightworkout #fitnessmotivation #homefitness
2026-01-11,Sunday,Story,Daily stories (poll/Q&A/check-in),互动日常,07:00/12:30/20:00,已发布,
2026-01-12,Monday,Reel,Squat Form Correction,训练教学,07:00,已发布,#homeworkout #fitness #workout #15minuteworkout #nogymneeded #bodyweightworkout #fitnessmotivation #homefitness
2026-01-12,Monday,Story,Daily stories (poll/Q&A/check-in),互动日常,07:00/12:30/20:00,已发布,
2026-01-13,Tuesday,Carousel,Beginner Workout Plan Week 1,健身知识,12:30,已发布,#fitnesstips #workouttips #fitnesseducation #homeworkout #fitnessjourney #nutrition #workoutmotivation
2026-01-13,Tuesday,Story,Daily stories (poll/Q&A/check-in),互动日常,07:00/12:30/20:00,已发布,
2026-01-14,Wednesday,Reel,10 Min Leg Day No Equipment,训练教学,07:00,已发布,#homeworkout #fitness #workout #15minuteworkout #nogymneeded #bodyweightworkout #fitnessmotivation #homefitness
2026-01-14,Wednesday,Story,Daily stories (poll/Q&A/check-in),互动日常,07:00/12:30/20:00,已发布,
2026-01-15,Thursday,Carousel,Stretching vs Warming Up,健身知识,12:30,已发布,#fitnesstips #workouttips #fitnesseducation #homeworkout #fitnessjourney #nutrition #workoutmotivation
2026-01-15,Thursday,Story,Daily stories (poll/Q&A/check-in),互动日常,07:00/12:30/20:00,已发布,
2026-01-16,Friday,Reel,Morning Yoga Flow,训练教学,07:00,已发布,#homeworkout #fitness #workout #15minuteworkout #nogymneeded #bodyweightworkout #fitnessmotivation #homefitness
2026-01-16,Friday,Story,Daily stories (poll/Q&A/check-in),互动日常,07:00/12:30/20:00,已发布,
2026-01-17,Saturday,Story,Daily stories (poll/Q&A/check-in),互动日常,07:00/12:30/20:00,已发布,
2026-01-18,Sunday,Reel,Post-Workout Stretch,训练教学,10:00,已发布,#homeworkout #fitness #workout #15minuteworkout #nogymneeded #bodyweightworkout #fitnessmotivation #homefitness
2026-01-18,Sunday,Story,Daily stories (poll/Q&A/check-in),互动日常,07:00/12:30/20:00,已发布,
2026-01-19,Monday,Reel,Plank Challenge Variations,训练教学,07:00,已发布,#homeworkout #fitness #workout #15minuteworkout #nogymneeded #bodyweightworkout #fitnessmotivation #homefitness
2026-01-19,Monday,Story,Daily stories (poll/Q&A/check-in),互动日常,07:00/12:30/20:00,已发布,
2026-01-20,Tuesday,Carousel,How to Stay Motivated,健身知识,12:30,已发布,#fitnesstips #workouttips #fitnesseducation #homeworkout #fitnessjourney #nutrition #workoutmotivation
2026-01-20,Tuesday,Story,Daily stories (poll/Q&A/check-in),互动日常,07:00/12:30/20:00,已发布,
2026-01-21,Wednesday,Reel,Lunge Mistakes to Avoid,训练教学,07:00,已发布,#homeworkout #fitness #workout #15minuteworkout #nogymneeded #bodyweightworkout #fitnessmotivation #homefitness
2026-01-21,Wednesday,Story,Daily stories (poll/Q&A/check-in),互动日常,07:00/12:30/20:00,已发布,
2026-01-22,Thursday,Carousel,Recovery Tips for Sore Muscles,健身知识,12:30,已发布,#fitnesstips #workouttips #fitnesseducation #homeworkout #fitnessjourney #nutrition #workoutmotivation
2026-01-22,Thursday,Story,Daily stories (poll/Q&A/check-in),互动日常,07:00/12:30/20:00,已发布,
2026-01-23,Friday,Reel,15 Min Upper Body Burn,训练教学,07:00,已发布,#homeworkout #fitness #workout #15minuteworkout #nogymneeded #bodyweightworkout #fitnessmotivation #homefitness
2026-01-23,Friday,Story,Daily stories (poll/Q&A/check-in),互动日常,07:00/12:30/20:00,已发布,
2026-01-24,Saturday,Story,Daily stories (poll/Q&A/check-in),互动日常,07:00/12:30/20:00,已发布,
2026-01-25,Sunday,Reel,Cool Down Routine,训练教学,10:00,已发布,#homeworkout #fitness #workout #15minuteworkout #nogymneeded #bodyweightworkout #fitnessmotivation #homefitness
2026-01-25,Sunday,Story,Daily stories (poll/Q&A/check-in),互动日常,07:00/12:30/20:00,已发布,
2026-01-26,Monday,Reel,30-Day Squat Challenge,训练教学,07:00,已发布,#homeworkout #fitness #workout #15minuteworkout #nogymneeded #bodyweightworkout #fitnessmotivation #homefitness
2026-01-26,Monday,Story,Daily stories (poll/Q&A/check-in),互动日常,07:00/12:30/20:00,已发布,
2026-01-27,Tuesday,Carousel,Macros Explained Simply,健身知识,12:30,已发布,#fitnesstips #workouttips #fitnesseducation #homeworkout #fitnessjourney #nutrition #workoutmotivation
2026-01-27,Tuesday,Story,Daily stories (poll/Q&A/check-in),互动日常,07:00/12:30/20:00,已发布,
2026-01-28,Wednesday,Reel,Quick Cardio Blast,训练教学,07:00,已发布,#homeworkout #fitness #workout #15minuteworkout #nogymneeded #bodyweightworkout #fitnessmotivation #homefitness
2026-01-28,Wednesday,Story,Daily stories (poll/Q&A/check-in),互动日常,07:00/12:30/20:00,已发布,
2026-01-29,Thursday,Carousel,30-Day Challenge Calendar,健身知识,12:30,已发布,#fitnesstips #workouttips #fitnesseducation #homeworkout #fitnessjourney #nutrition #workoutmotivation
2026-01-29,Thursday,Story,Daily stories (poll/Q&A/check-in),互动日常,07:00/12:30/20:00,已发布,
2026-01-30,Friday,Reel,Beginner Full Body Workout,训练教学,07:00,已发布,#homeworkout #fitness #workout #15minuteworkout #nogymneeded #bodyweightworkout #fitnessmotivation #homefitness
2026-01-30,Friday,Story,Daily stories (poll/Q&A/check-in),互动日常,07:00/12:30/20:00,已发布,
2026-01-31,Saturday,Story,Daily stories (poll/Q&A/check-in),互动日常,07:00/12:30/20:00,已发布,
2026-02-01,Sunday,Reel,Advanced Core Circuit,训练教学,10:00,已发布,#homeworkout #fitness #workout #15minuteworkout #nogymneeded #bodyweightworkout #fitnessmotivation #homefitness
2026-02-01,Sunday,Story,Daily stories (poll/Q&A/check-in),互动日常,07:00/12:30/20:00,已发布,
2026-02-02,Monday,Reel,Shoulder Mobility Routine,训练教学,07:00,已发布,#homeworkout #fitness #workout #15minuteworkout #nogymneeded #bodyweightworkout #fitnessmotivation #homefitness
2026-02-02,Monday,Story,Daily stories (poll/Q&A/check-in),互动日常,07:00/12:30/20:00,已发布,
2026-02-03,Tuesday,Carousel,Common Squat Mistakes,健身知识,12:30,已发布,#fitnesstips #workouttips #fitnesseducation #homeworkout #fitnessjourney #nutrition #workoutmotivation
2026-02-03,Tuesday,Story,Daily stories (poll/Q&A/check-in),互动日常,07:00/12:30/20:00,已发布,
2026-02-04,Wednesday,Reel,Back Pain Relief Stretches,训练教学,07:00,已发布,#homeworkout #fitness #workout #15minuteworkout #nogymneeded #bodyweightworkout #fitnessmotivation #homefitness
2026-02-04,Wednesday,Story,Daily stories (poll/Q&A/check-in),互动日常,07:00/12:30/20:00,已发布,
2026-02-05,Thursday,Carousel,Sleep and Muscle Recovery,健身知识,12:30,已发布,#fitnesstips #workouttips #fitnesseducation #homeworkout #fitnessjourney #nutrition #workoutmotivation
2026-02-05,Thursday,Story,Daily stories (poll/Q&A/check-in),互动日常,07:00/12:30/20:00,已发布,
2026-02-06,Friday,Reel,Warm Up Before Workout,训练教学,07:00,已发布,#homeworkout #fitness #workout #15minuteworkout #nogymneeded #bodyweightworkout #fitnessmotivation #homefitness
2026-02-06,Friday,Story,Daily stories (poll/Q&A/check-in),互动日常,07:00/12:30/20:00,已发布,
2026-02-07,Saturday,Story,Daily stories (poll/Q&A/check-in),互动日常,07:00/12:30/20:00,已发布,
2026-02-08,Sunday,Reel,15 Min Arm Workout,训练教学,10:00,已发布,#homeworkout #fitness #workout #15minuteworkout #nogymneeded #bodyweightworkout #fitnessmotivation #homefitness
2026-02-08,Sunday,Story,Daily stories (poll/Q&A/check-in),互动日常,07:00/12:30/20:00,已发布,
2026-02-09,Monday,Reel,Burpee Alternatives,训练教学,07:00,已发布,#homeworkout #fitness #workout #15minuteworkout #nogymneeded #bodyweightworkout #fitnessmotivation #homefitness
2026-02-09,Monday,Story,Daily stories (poll/Q&A/check-in),互动日常,07:00/12:30/20:00,已发布,
2026-02-10,Tuesday,Carousel,Bodyweight Exercise Progression,健身知识,12:30,已发布,#fitnesstips #workouttips #fitnesseducation #homeworkout #fitnessjourney #nutrition #workoutmotivation
2026-02-10,Tuesday,Story,Daily stories (poll/Q&A/check-in),互动日常,07:00/12:30/20:00,已发布,
2026-02-11,Wednesday,Reel,Mountain Climber Variations,训练教学,07:00,已发布,#homeworkout #fitness #workout #15minuteworkout #nogymneeded #bodyweightworkout #fitnessmotivation #homefitness
2026-02-11,Wednesday,Story,Daily stories (poll/Q&A/check-in),互动日常,07:00/12:30/20:00,已发布,
2026-02-12,Thursday,Carousel,Meal Prep for Busy People,健身知识,12:30,已发布,#fitnesstips #workouttips #fitnesseducation #homeworkout #fitnessjourney #nutrition #workoutmotivation
2026-02-12,Thursday,Story,Daily stories (poll/Q&A/check-in),互动日常,07:00/12:30/20:00,已发布,
2026-02-13,Friday,Reel,Glute Bridge Progression,训练教学,07:00,已发布,#homeworkout #fitness #workout #15minuteworkout #nogymneeded #bodyweightworkout #fitnessmotivation #homefitness
2026-02-13,Friday,Story,Daily stories (poll/Q&A/check-in),互动日常,07:00/12:30/20:00,已发布,
2026-02-14,Saturday,Story,Daily stories (poll/Q&A/check-in),互动日常,07:00/12:30/20:00,已发布,
2026-02-15,Sunday,Reel,Standing Ab Workout,训练教学,10:00,已发布,#homeworkout #fitness #workout #15minuteworkout #nogymneeded #bodyweightworkout #fitnessmotivation #homefitness
2026-02-15,Sunday,Story,Daily stories (poll/Q&A/check-in),互动日常,07:00/12:30/20:00,已发布,
2026-02-16,Monday,Reel,Low Impact Cardio,训练教学,07:00,已发布,#homeworkout #fitness #workout #15minuteworkout #nogymneeded #bodyweightworkout #fitnessmotivation #homefitness
2026-02-16,Monday,Story,Daily stories (poll/Q&A/check-in),互动日常,07:00/12:30/20:00,已发布,
2026-02-17,Tuesday,Carousel,Plank Form Guide,健身知识,12:30,已发布,#fitnesstips #workouttips #fitnesseducation #homeworkout #fitnessjourney #nutrition #workoutmotivation
2026-02-17,Tuesday,Story,Daily stories (poll/Q&A/check-in),互动日常,07:00/12:30/20:00,已发布,
2026-02-18,Wednesday,Reel,15 Min Full Body Stretch,训练教学,07:00,已发布,#homeworkout #fitness #workout #15minuteworkout #nogymneeded #bodyweightworkout #fitnessmotivation #homefitness
2026-02-18,Wednesday,Story,Daily stories (poll/Q&A/check-in),互动日常,07:00/12:30/20:00,已发布,
2026-02-19,Thursday,Carousel,How to Start Working Out,健身知识,12:30,已发布,#fitnesstips #workouttips #fitnesseducation #homeworkout #fitnessjourney #nutrition #workoutmotivation
2026-02-19,Thursday,Story,Daily stories (poll/Q&A/check-in),互动日常,07:00/12:30/20:00,已发布,
2026-02-20,Friday,Reel,Desk Posture Fixes,训练教学,07:00,已发布,#homeworkout #fitness #workout #15minuteworkout #nogymneeded #bodyweightworkout #fitnessmotivation #homefitness
2026-02-20,Friday,Story,Daily stories (poll/Q&A/check-in),互动日常,07:00/12:30/20:00,已发布,
2026-02-21,Saturday,Story,Daily stories (poll/Q&A/check-in),互动日常,07:00/12:30/20:00,已发布,
2026-02-22,Sunday,Reel,Morning Mobility Routine,训练教学,10:00,已发布,#homeworkout #fitness #workout #15minuteworkout #nogymneeded #bodyweightworkout #fitnessmotivation #homefitness
2026-02-22,Sunday,Story,Daily stories (poll/Q&A/check-in),互动日常,07:00/12:30/20:00,已发布,
2026-02-23,Monday,Reel,No Jump Cardio,训练教学,07:00,已发布,#homeworkout #fitness #workout #15minuteworkout #nogymneeded #bodyweightworkout #fitnessmotivation #homefitness
2026-02-23,Monday,Story,Daily stories (poll/Q&A/check-in),互动日常,07:00/12:30/20:00,已发布,
2026-02-24,Tuesday,Carousel,Cardio vs Strength Training,健身知识,12:30,已发布,#fitnesstips #workouttips #fitnesseducation #homeworkout #fitnessjourney #nutrition #workoutmotivation
2026-02-24,Tuesday,Story,Daily stories (poll/Q&A/check-in),互动日常,07:00/12:30/20:00,已发布,
2026-02-25,Wednesday,Reel,Core Stability Workout,训练教学,07:00,已发布,#homeworkout #fitness #workout #15minuteworkout #nogymneeded #bodyweightworkout #fitnessmotivation #homefitness
2026-02-25,Wednesday,Story,Daily stories (poll/Q&A/check-in),互动日常,07:00/12:30/20:00,已发布,
2026-02-26,Thursday,Carousel,Hydration and Performance,健身知识,12:30,已发布,#fitnesstips #workouttips #fitnesseducation #homeworkout #fitnessjourney #nutrition #workoutmotivation
2026-02-26,Thursday,Story,Daily stories (poll/Q&A/check-in),互动日常,07:00/12:30/20:00,已发布,
2026-02-27,Friday,Reel,Push Day at Home,训练教学,07:00,已发布,#homeworkout #fitness #workout #15minuteworkout #nogymneeded #bodyweightworkout #fitnessmotivation #homefitness
2026-02-27,Friday,Story,Daily stories (poll/Q&A/check-in),互动日常,07:00/12:30/20:00,已发布,
2026-02-28,Saturday,Story,Daily stories (poll/Q&A/check-in),互动日常,07:00/12:30/20:00,已发布,
2026-03-01,Sunday,Reel,Pull Day Bodyweight,训练教学,10:00,已发布,#homeworkout #fitness #workout #15minuteworkout #nogymneeded #bodyweightworkout #fitnessmotivation #homefitness
2026-03-01,Sunday,Story,Daily stories (poll/Q&A/check-in),互动日常,07:00/12:30/20:00,已发布,
2026-03-02,Monday,Reel,Leg Day No Squats,训练教学,07:00,已发布,#homeworkout #fitness #workout #15minuteworkout #nogymneeded #bodyweightworkout #fitnessmotivation #homefitness
2026-03-02,Monday,Story,Daily stories (poll/Q&A/check-in),互动日常,07:00/12:30/20:00,已发布,
2026-03-03,Tuesday,Carousel,Mind-Muscle Connection,健身知识,12:30,已发布,#fitnesstips #workouttips #fitnesseducation #homeworkout #fitnessjourney #nutrition #workoutmotivation
2026-03-03,Tuesday,Story,Daily stories (poll/Q&A/check-in),互动日常,07:00/12:30/20:00,已发布,
2026-03-04,Wednesday,Reel,Endurance Circuit,训练教学,07:00,已发布,#homeworkout #fitness #workout #15minuteworkout #nogymneeded #bodyweightworkout #fitnessmotivation #homefitness
2026-03-04,Wednesday,Story,Daily stories (poll/Q&A/check-in),互动日常,07:00/12:30/20:00,已发布,
2026-03-05,Thursday,Carousel,Rest Day Ideas,健身知识,12:30,已发布,#fitnesstips #workouttips #fitnesseducation #homeworkout #fitnessjourney #nutrition #workoutmotivation
2026-03-05,Thursday,Story,Daily stories (poll/Q&A/check-in),互动日常,07:00/12:30/20:00,已发布,
2026-03-06,Friday,Reel,Power Yoga for Strength,训练教学,07:00,已发布,#homeworkout #fitness #workout #15minuteworkout #nogymneeded #bodyweightworkout #fitnessmotivation #homefitness
2026-03-06,Friday,Story,Daily stories (poll/Q&A/check-in),互动日常,07:00/12:30/20:00,已发布,
2026-03-07,Saturday,Story,Daily stories (poll/Q&A/check-in),互动日常,07:00/12:30/20:00,已发布,
2026-03-08,Sunday,Reel,Pilates Core Workout,训练教学,10:00,已发布,#homeworkout #fitness #workout #15minuteworkout #nogymneeded #bodyweightworkout #fitnessmotivation #homefitness
2026-03-08,Sunday,Story,Daily stories (poll/Q&A/check-in),互动日常,07:00/12:30/20:00,已发布,
2026-03-09,Monday,Reel,Balance Training Routine,训练教学,07:00,已发布,#homeworkout #fitness #workout #15minuteworkout #nogymneeded #bodyweightworkout #fitnessmotivation #homefitness
2026-03-09,Monday,Story,Daily stories (poll/Q&A/check-in),互动日常,07:00/12:30/20:00,已发布,
2026-03-10,Tuesday,Carousel,Workout Schedule for Beginners,健身知识,12:30,已发布,#fitnesstips #workouttips #fitnesseducation #homeworkout #fitnessjourney #nutrition #workoutmotivation
2026-03-10,Tuesday,Story,Daily stories (poll/Q&A/check-in),互动日常,07:00/12:30/20:00,已发布,
2026-03-11,Wednesday,Reel,Posture Correction Exercises,训练教学,07:00,已发布,#homeworkout #fitness #workout #15minuteworkout #nogymneeded #bodyweightworkout #fitnessmotivation #homefitness
2026-03-11,Wednesday,Story,Daily stories (poll/Q&A/check-in),互动日常,07:00/12:30/20:00,已发布,
2026-03-12,Thursday,Carousel,How to Track Progress,健身知识,12:30,已发布,#fitnesstips #workouttips #fitnesseducation #homeworkout #fitnessjourney #nutrition #workoutmotivation
2026-03-12,Thursday,Story,Daily stories (poll/Q&A/check-in),互动日常,07:00/12:30/20:00,已发布,
2026-03-13,Friday,Reel,Neck & Shoulder Tension Relief,训练教学,07:00,已发布,#homeworkout #fitness #workout #15minuteworkout #nogymneeded #bodyweightworkout #fitnessmotivation #homefitness
2026-03-13,Friday,Story,Daily stories (poll/Q&A/check-in),互动日常,07:00/12:30/20:00,已发布,
2026-03-14,Saturday,Story,Daily stories (poll/Q&A/check-in),互动日常,07:00/12:30/20:00,已发布,
2026-03-15,Sunday,Reel,Hip Opener Stretches,训练教学,10:00,已发布,#homeworkout #fitness #workout #15minuteworkout #nogymneeded #bodyweightworkout #fitnessmotivation #homefitness
2026-03-15,Sunday,Story,Daily stories (poll/Q&A/check-in),互动日常,07:00/12:30/20:00,已发布,
2026-03-16,Monday,Reel,Wrist Mobility Exercises,训练教学,07:00,已发布,#homeworkout #fitness #workout #15minuteworkout #nogymneeded #bodyweightworkout #fitnessmotivation #homefitness
2026-03-16,Monday,Story,Daily stories (poll/Q&A/check-in),互动日常,07:00/12:30/20:00,已发布,
2026-03-17,Tuesday,Carousel,Injury Prevention Tips,健身知识,12:30,已发布,#fitnesstips #workouttips #fitnesseducation #homeworkout #fitnessjourney #nutrition #workoutmotivation
2026-03-17,Tuesday,Story,Daily stories (poll/Q&A/check-in),互动日常,07:00/12:30/20:00,已发布,
2026-03-18,Wednesday,Reel,Ankle Stability Drills,训练教学,07:00,已发布,#homeworkout #fitness #workout #15minuteworkout #nogymneeded #bodyweightworkout #fitnessmotivation #homefitness
2026-03-18,Wednesday,Story,Daily stories (poll/Q&A/check-in),互动日常,07:00/12:30/20:00,已发布,
2026-03-19,Thursday,Carousel,Breathing Techniques Exercise,健身知识,12:30,已发布,#fitnesstips #workouttips #fitnesseducation #homeworkout #fitnessjourney #nutrition #workoutmotivation
2026-03-19,Thursday,Story,Daily stories (poll/Q&A/check-in),互动日常,07:00/12:30/20:00,已发布,
2026-03-20,Friday,Reel,15 Min Boxing Workout,训练教学,07:00,已发布,#homeworkout #fitness #workout #15minuteworkout #nogymneeded #bodyweightworkout #fitnessmotivation #homefitness
2026-03-20,Friday,Story,Daily stories (poll/Q&A/check-in),互动日常,07:00/12:30/20:00,已发布,
2026-03-21,Saturday,Story,Daily stories (poll/Q&A/check-in),互动日常,07:00/12:30/20:00,已发布,
2026-03-22,Sunday,Reel,Dance Cardio Fun,训练教学,10:00,已发布,#homeworkout #fitness #workout #15minuteworkout #nogymneeded #bodyweightworkout #fitnessmotivation #homefitness
2026-03-22,Sunday,Story,Daily stories (poll/Q&A/check-in),互动日常,07:00/12:30/20:00,已发布,
2026-03-23,Monday,Reel,Kettlebell Alternative Home,训练教学,07:00,已发布,#homeworkout #fitness #workout #15minuteworkout #nogymneeded #bodyweightworkout #fitnessmotivation #homefitness
2026-03-23,Monday,Story,Daily stories (poll/Q&A/check-in),互动日常,07:00/12:30/20:00,已发布,
2026-03-24,Tuesday,Carousel,Desk Job Health Tips,健身知识,12:30,已发布,#fitnesstips #workouttips #fitnesseducation #homeworkout #fitnessjourney #nutrition #workoutmotivation
2026-03-24,Tuesday,Story,Daily stories (poll/Q&A/check-in),互动日常,07:00/12:30/20:00,已发布,
2026-03-25,Wednesday,Reel,TRX Alternative Exercises,训练教学,07:00,已发布,#homeworkout #fitness #workout #15minuteworkout #nogymneeded #bodyweightworkout #fitnessmotivation #homefitness
2026-03-25,Wednesday,Story,Daily stories (poll/Q&A/check-in),互动日常,07:00/12:30/20:00,已发布,
2026-03-26,Thursday,Carousel,Foam Rolling Guide,健身知识,12:30,已发布,#fitnesstips #workouttips #fitnesseducation #homeworkout #fitnessjourney #nutrition #workoutmotivation
2026-03-26,Thursday,Story,Daily stories (poll/Q&A/check-in),互动日常,07:00/12:30/20:00,已发布,
2026-03-27,Friday,Reel,Resistance Band Full Body,训练教学,07:00,已发布,#homeworkout #fitness #workout #15minuteworkout #nogymneeded #bodyweightworkout #fitnessmotivation #homefitness
2026-03-27,Friday,Story,Daily stories (poll/Q&A/check-in),互动日常,07:00/12:30/20:00,已发布,
2026-03-28,Saturday,Story,Daily stories (poll/Q&A/check-in),互动日常,07:00/12:30/20:00,已发布,
2026-03-29,Sunday,Reel,Friday Finisher Circuit,训练教学,10:00,已发布,#homeworkout #fitness #workout #15minuteworkout #nogymneeded #bodyweightworkout #fitnessmotivation #homefitness
2026-03-29,Sunday,Story,Daily stories (poll/Q&A/check-in),互动日常,07:00/12:30/20:00,已发布,
2026-03-30,Monday,Reel,15 Min Morning Fat Burn,训练教学,07:00,已发布,#homeworkout #fitness #workout #15minuteworkout #nogymneeded #bodyweightworkout #fitnessmotivation #homefitness
2026-03-30,Monday,Story,Daily stories (poll/Q&A/check-in),互动日常,07:00/12:30/20:00,已发布,
2026-03-31,Tuesday,Carousel,Cold Weather Workout Motivation,健身知识,12:30,已发布,#fitnesstips #workouttips #fitnesseducation #homeworkout #fitnessjourney #nutrition #workoutmotivation
2026-03-31,Tuesday,Story,Daily stories (poll/Q&A/check-in),互动日常,07:00/12:30/20:00,已发布,
